mpn,clean_mpn,manufacturer,brand,url_slug,category,subcategory,description,applications,keywords,attributes_json,availability,alternative_parts,datasheet_url,faq,image,source
STM32F103C8T6,,ST,ST,,Microcontroller,32-bit ARM Cortex-M MCU,"STMicroelectronics STM32F103C8T6 - ARM Cortex-M3 microcontroller, 72 MHz, 64 KB Flash, 20 KB SRAM, 37 I/O, LQFP-48, operating voltage 2.0-3.6 V.",Embedded control; IoT nodes; Motor control; Consumer electronics,STM32F103C8T6; ARM Cortex-M3; 32-bit MCU; LQFP-48; microcontroller,"{""core"": ""ARM Cortex-M3"", ""frequency_hz"": 72000000, ""flash_bytes"": 65536, ""ram_bytes"": 20480, ""io_count"": 37, ""voltage_v"": 3.3, ""package"": ""LQFP-48""}",active,,,Q: What package does STM32F103C8T6 use?A: STM32F103C8T6 is supplied in a 48-pin LQFP-48 (Low-profile Quad Flat Package) surface-mount package.,,https://www.lcsc.com/product-detail/C8734.html
STM32F401CCU6,,ST,ST,,Microcontroller,32-bit ARM Cortex-M MCU,"STMicroelectronics STM32F401CCU6 - ARM Cortex-M4 microcontroller, 84 MHz, 256 KB Flash, 64 KB SRAM, 36 I/O, UFQFPN-48, 1.7-3.6 V.",IoT; Wearables; Motor control; USB devices,STM32F401CCU6; ARM Cortex-M4; 32-bit MCU; UFQFPN-48,"{""core"": ""ARM Cortex-M4"", ""frequency_hz"": 84000000, ""flash_bytes"": 262144, ""ram_bytes"": 65536, ""io_count"": 36, ""voltage_v"": 3.3, ""package"": ""UFQFPN-48""}",active,,,Q: How much flash does STM32F401CCU6 have?A: STM32F401CCU6 integrates 256 KB of Flash and 64 KB of SRAM in a 48-pin UFQFPN package.,,https://www.lcsc.com/product-detail/C79861.html
CH32V103C8T6,,WCH,WCH,,Microcontroller,32-bit RISC-V MCU,"WCH CH32V103C8T6 - 32-bit RISC-V (QingKe V4) microcontroller, 80 MHz, 64 KB Flash, 20 KB SRAM, 37 I/O, LQFP-48, 2.7-5.5 V.",IoT; Industrial control; Low-cost MCU; Motor control,CH32V103C8T6; RISC-V; 32-bit MCU; WCH,"{""core"": ""RISC-V (QingKe V4)"", ""frequency_hz"": 80000000, ""flash_bytes"": 65536, ""ram_bytes"": 20480, ""io_count"": 37, ""voltage_v"": 3.3, ""package"": ""LQFP-48""}",active,,,Q: What core does CH32V103C8T6 use?A: CH32V103C8T6 is built on a 32-bit RISC-V (QingKe V4) core running at 80 MHz with 64 KB Flash.,,https://www.lcsc.com/product-detail/C2764428.html
ATmega328P-AU,,Microchip,Microchip,,Microcontroller,8-bit AVR MCU,"Microchip ATmega328P-AU - 8-bit AVR microcontroller, 20 MHz, 32 KB Flash, 2 KB SRAM, 23 I/O, TQFP-32, 1.8-5.5 V.",Arduino; Hobbyist; Embedded control; Sensors,ATmega328P-AU; AVR; 8-bit MCU; TQFP-32; Arduino,"{""core"": ""AVR 8-bit"", ""frequency_hz"": 20000000, ""flash_bytes"": 32768, ""ram_bytes"": 2048, ""io_count"": 23, ""voltage_v"": 5.0, ""package"": ""TQFP-32""}",active,,,Q: What package is ATmega328 included in?A: ATmega328P-AU comes in a 32-pin TQFP surface-mount package; it is the same MCU family used on many Arduino boards.,,https://www.lcsc.com/product-detail/C14877.html
RP2040,,Raspberry Pi,Raspberry Pi,,Microcontroller,Dual-core ARM Cortex-M0+ MCU,"Raspberry Pi RP2040 - dual ARM Cortex-M0+ microcontroller, 133 MHz, 264 KB SRAM (no internal Flash), 30 I/O, QFN-56, 1.8-3.3 V.",IoT; Raspberry Pi Pico; Wearables; Custom hardware,RP2040; Cortex-M0+; Raspberry Pi; dual-core MCU,"{""core"": ""ARM Cortex-M0+ (dual)"", ""frequency_hz"": 133000000, ""ram_bytes"": 264192, ""io_count"": 30, ""voltage_v"": 3.3, ""package"": ""QFN-56""}",active,,,Q: Does RP2040 have internal flash?A: RP2040 has no internal Flash; it boots from external QSPI memory and provides 264 KB of on-chip SRAM.,,https://www.lcsc.com/product-detail/C2040.html
ESP32-WROOM-32E,,Espressif,Espressif,,WiFi Modules,Wi-Fi + Bluetooth Module,"Espressif ESP32-WROOM-32E - Wi-Fi + Bluetooth module with dual Xtensa LX6 cores, 240 MHz, 4 MB Flash, 26 GPIO, SMD-38, 3.0-3.6 V.",Wi-Fi IoT; Bluetooth LE; Smart home; Wearables,ESP32-WROOM-32E; ESP32; Wi-Fi module; Bluetooth; IoT,"{""core"": ""Xtensa LX6 (dual)"", ""frequency_hz"": 240000000, ""flash_bytes"": 4194304, ""io_count"": 26, ""voltage_v"": 3.3, ""package"": ""SMD-38""}",active,,,Q: What wireless interfaces does ESP32-WROOM-32E support?A: ESP32-WROOM-32E integrates Wi-Fi 802.11 b/g/n and Bluetooth 4.2 (BR/EDR + BLE) with 4 MB external Flash.,,https://www.lcsc.com/product-detail/C6191510.html
W25Q128JVSIQ,,Winbond,Winbond,,Memory,SPI NOR Flash,"Winbond W25Q128JVSIQ - 128 Mbit (16 MB) SPI NOR Flash, Quad-SPI, 133 MHz, SOIC-8, 2.7-3.6 V.",Firmware storage; Data logging; Code storage; SPI Flash,W25Q128JVSIQ; SPI NOR Flash; 128Mbit; Quad-SPI; Winbond,"{""memory_bytes"": 16777216, ""interface"": ""SPI (Quad)"", ""speed_hz"": 133000000, ""organization"": ""x4"", ""package"": ""SOIC-8""}",active,,,Q: What is the capacity of W25Q128JVSIQ?A: W25Q128JVSIQ is a 128 Mbit (16 MB) SPI NOR Flash with Quad-SPI interface rated up to 133 MHz.,,https://www.lcsc.com/product-detail/C97521.html
AT24C02C-SSHM-T,,Microchip,Microchip,,Memory,I2C EEPROM,"Microchip AT24C02C-SSHM-T - 2 Kbit I2C EEPROM (256 bytes), 1 MHz, SOIC-8, 1.7-5.5 V.",Parameter storage; EEPROM; Config storage; I2C,AT24C02C; I2C EEPROM; 2Kbit; Microchip,"{""memory_bytes"": 256, ""interface"": ""I2C"", ""speed_hz"": 1000000, ""organization"": ""x8"", ""package"": ""SOIC-8""}",active,,,Q: What interface does AT24C02C-SSHM-T use?A: AT24C02C-SSHM-T is a 2 Kbit I2C EEPROM (256 bytes) in an SOIC-8 package supporting up to 1 MHz clock.,,https://www.lcsc.com/product-detail/C6203.html
AO3400A,,AOS,AOS,,MOSFET,N-Channel MOSFET,"Alpha & Omega Semiconductor AO3400A - N-channel MOSFET, 30 V, 5.7 A, 48 mΩ RDS(on), SOT-23.",Load switching; DC-DC; Power management; Battery,AO3400A; N-channel MOSFET; SOT-23; 30V,"{""vds_v"": 30, ""id_a"": 5.7, ""rds_on_mohm"": 48, ""vgs_th_v"": 1.45, ""qg_nc"": 7, ""package"": ""SOT-23""}",active,,,"Q: What is AO3400A used for?A: AO3400A is an N-channel MOSFET (30 V, 5.7 A, 48 mΩ RDS(on)) in SOT-23, commonly used for load switching and DC-DC conversion.",,https://www.lcsc.com/product-detail/C20917.html
AO3401A,,AOS,AOS,,MOSFET,P-Channel MOSFET,"Alpha & Omega Semiconductor AO3401A - P-channel MOSFET, 30 V, 4 A, 60 mΩ RDS(on), SOT-23.",High-side switch; Load switching; Power management,AO3401A; P-channel MOSFET; SOT-23; 30V,"{""vds_v"": 30, ""id_a"": 4, ""rds_on_mohm"": 60, ""vgs_th_v"": 0.9, ""qg_nc"": 14, ""package"": ""SOT-23""}",active,,,"Q: What is AO3401A?A: AO3401A is a P-channel MOSFET (30 V, 4 A, 60 mΩ RDS(on)) in SOT-23, often used as a high-side switch.",,https://www.lcsc.com/product-detail/C15127.html
2N7002,,onsemi,onsemi,,MOSFET,Small-Signal N-Channel MOSFET,"onsemi 2N7002 - small-signal N-channel MOSFET, 60 V, 115 mA, SOT-23.",Logic-level switching; Signal switching; Small-signal,2N7002; N-channel MOSFET; SOT-23; 60V,"{""vds_v"": 60, ""id_a"": 0.115, ""rds_on_mohm"": 7000, ""vgs_th_v"": 2.5, ""package"": ""SOT-23""}",active,,,"Q: What is 2N7002?A: 2N7002 is a small-signal N-channel MOSFET rated 60 V, 115 mA, in a SOT-23 package for logic-level switching.",,https://www.lcsc.com/product-detail/C124475.html
1N4148WS,,Diodes,Diodes,,Diode,Switching Diode,"Diodes Incorporated 1N4148WS - fast-switching diode, 75 V VRRM, 150 mA, SOD-323.",Fast switching; Signal clipping; General purpose,1N4148WS; switching diode; SOD-323; 75V,"{""vrrm_v"": 75, ""if_a"": 0.15, ""vf_v"": 1.0, ""package"": ""SOD-323""}",active,,,Q: What is 1N4148WS?A: 1N4148WS is a fast-switching SOD-323 diode rated 75 V repetitive reverse voltage and 150 mA average forward current.,,https://www.diodes.com/part/view/1N4148WS
SS34,,Diodes,Diodes,,Diode,Schottky Rectifier,"Diodes Incorporated SS34 - Schottky barrier rectifier, 40 V, 3 A, SMA (DO-214AC).",DC-DC rectification; Polarity protection; Freewheeling diode,SS34; Schottky diode; SMA; 40V 3A,"{""vrrm_v"": 40, ""if_a"": 3, ""vf_v"": 0.55, ""package"": ""SMA (DO-214AC)""}",active,,,"Q: What is SS34?A: SS34 is a Schottky barrier rectifier in SMA (DO-214AC) rated 40 V and 3 A, with low forward voltage drop.",,https://www.diodes.com/part/view/SS34
RC0402FR-0710KL,,YAGEO,YAGEO,,Resistor,Thick-Film Chip Resistor,"YAGEO RC0402FR-0710KL - thick-film chip resistor, 10 kΩ ±1%, 62.5 mW, 50 V, 0402.",Pull-up; Signal conditioning; General purpose,RC0402FR-0710KL; 10k resistor; 0402; YAGEO,"{""resistance_ohm"": 10000, ""tolerance"": ""±1%"", ""power_rating_w"": 0.0625, ""voltage_rating_v"": 50, ""temperature_coeff"": ""±100ppm/℃"", ""package"": ""0402""}",active,,,"Q: What are the specifications of RC0402FR-0710KL?A: RC0402FR-0710KL is a 10 kΩ ±1% thick-film chip resistor in a 0402 package, 62.5 mW rated, 50 V.",,https://www.lcsc.com/product-detail/C60490.html
CL10B104KB8NNNC,,Samsung,Samsung,,Capacitor,Multilayer Ceramic Capacitor,"Samsung CL10B104KB8NNNC - multilayer ceramic capacitor, 100 nF ±10% X7R, 50 V, 0603.",Decoupling; Filtering; Bypass; Coupling,CL10B104KB8NNNC; 100nF capacitor; 0603; X7R; Samsung,"{""capacitance_pf"": 100000, ""tolerance"": ""±10%"", ""voltage_rating_v"": 50, ""temperature_coeff"": ""X7R"", ""package"": ""0603""}",active,,,"Q: What is CL10B104KB8NNNC?A: CL10B104KB8NNNC is a 100 nF (0.1 µF) ±10% X7R multilayer ceramic capacitor in a 0603 package, 50 V.",,https://www.lcsc.com/product-detail/C1591.html
SWPA4030S100MT,,Sunlord,Sunlord,,Inductor,Wire-Wound Power Inductor,"Sunlord SWPA4030S100MT - shielded wire-wound power inductor, 10 µH ±20%, 1.5 A, SMD 4.0x4.0 mm.",DC-DC; Power supplies; EMI filter; Buck converter,SWPA4030S100MT; 10uH inductor; power inductor; Sunlord,"{""inductance_uh"": 10, ""current_rating_a"": 1.5, ""package"": ""SMD 4030""}",active,,,"Q: What is SWPA4030S100MT?A: SWPA4030S100MT is a 10 µH shielded wire-wound power inductor in a 4.0 x 4.0 mm SMD footprint, 1.5 A RMS current.",,https://www.lcsc.com/product-detail/C38117.html
2.54-1*40L=15MM,,ZHOURI,ZHOURI,,Pin Header,Male Pin Header,"ZHOURI 2.54-1*40L=15MM - 1x40 position 2.54 mm pitch single-row male pin header, through-hole, 3 A per pin.",PCB prototyping; Board-to-board; Headers,2.54mm pin header; 1x40; through-hole; connector,"{""positions"": 40, ""pitch_mm"": 2.54, ""current_rating_a"": 3, ""mounting"": ""Through Hole"", ""package"": ""1x40P TH""}",active,,,"Q: What is this pin header?A: It is a 1x40 position 2.54 mm pitch single-row male pin header, through-hole, rated 3 A per pin.",,https://www.lcsc.com/product-detail/C5156621.html
X322516MRB4SI,,YXC,YXC,,Crystal Oscillator,SMD Crystal,"YXC X322516MRB4SI - 16 MHz SMD crystal oscillator, 3225-4P package, 18 pF load capacitance.",MCU clock; Timing reference; Oscillator,16MHz crystal; SMD3225; YXC; crystal oscillator,"{""frequency_hz"": 16000000, ""load_capacitance_pf"": 18, ""mounting"": ""SMD"", ""package"": ""SMD3225-4P""}",active,,,Q: What is X322516MRB4SI?A: X322516MRB4SI is a 16 MHz surface-mount crystal in a 3225-4P package with 18 pF load capacitance.,,https://www.lcsc.com/product-detail/C70562.html
TYPE-C-31-M-12,,Korean Hroparts Elec,Korean Hroparts Elec,,USB Connectors,USB Type-C Receptacle,"Korean Hroparts TYPE-C-31-M-12 - USB Type-C receptacle, 16-pin, female, right-angle SMD, 5 A / 20 V.",USB-C devices; Connectors; Power delivery,USB Type-C; 16-pin; receptacle; connector; Korean Hroparts,"{""positions"": 16, ""current_rating_a"": 5, ""voltage_rating_v"": 20, ""mounting"": ""SMD"", ""package"": ""SMD Type-C 16P""}",active,,,"Q: What is TYPE-C-31-M-12?A: TYPE-C-31-M-12 is a 16-pin USB Type-C receptacle (female), right-angle SMD, rated 5 A / 20 V.",,https://www.lcsc.com/product-detail/C165948.html
