raw_name	canonical_brand
TI	Texas Instruments
Texas Instruments	Texas Instruments
Texas Instr.	Texas Instruments
Texas Instr	Texas Instruments
TEXAS INSTRUMENTS	Texas Instruments
TI Semiconductor	Texas Instruments
ST	STMicroelectronics
STMicroelectronics	STMicroelectronics
ST Micro	STMicroelectronics
STMicro	STMicroelectronics
SGS-THOMSON	STMicroelectronics
SGS Thomson	STMicroelectronics
ADI	Analog Devices
Analog Devices	Analog Devices
Analog Dev.	Analog Devices
Analog Devices Inc.	Analog Devices
AD	Analog Devices
Linear Technology	Analog Devices
LTC	Analog Devices
Infineon	Infineon Technologies
Infineon Technologies	Infineon Technologies
IFX	Infineon Technologies
Infineon Tech	Infineon Technologies
International Rectifier	Infineon Technologies
IR	Infineon Technologies
NXP	NXP Semiconductors
NXP Semiconductors	NXP Semiconductors
NXP Semi	NXP Semiconductors
Philips	NXP Semiconductors
Philips Semiconductors	NXP Semiconductors
Freescale	NXP Semiconductors
Freescale Semiconductor	NXP Semiconductors
Microchip	Microchip Technology
Microchip Technology	Microchip Technology
MCP	Microchip Technology
Microchip Tech	Microchip Technology
Renesas	Renesas Electronics
Renesas Electronics	Renesas Electronics
Renesas Elec.	Renesas Electronics
NEC Electronics	Renesas Electronics
NEC	Renesas Electronics
ON	ON Semiconductor
ON Semiconductor	ON Semiconductor
Onsemi	ON Semiconductor
ONSemi	ON Semiconductor
ON Semi	ON Semiconductor
Fairchild	ON Semiconductor
Fairchild Semiconductor	ON Semiconductor
Catalyst	ON Semiconductor
Vishay	Vishay Intertechnology
Vishay Intertechnology	Vishay Intertechnology
Vishay Siliconix	Vishay Intertechnology
Siliconix	Vishay Intertechnology
Vishay Dale	Vishay Intertechnology
Dale	Vishay Intertechnology
Vishay Sprague	Vishay Intertechnology
Sprague	Vishay Intertechnology
BC Components	Vishay Intertechnology
Vishay BC	Vishay Intertechnology
Draloric	Vishay Intertechnology
Vitramon	Vishay Intertechnology
Vishay Vitramon	Vishay Intertechnology
Murata	Murata Manufacturing
Murata Manufacturing	Murata Manufacturing
Murata Elec.	Murata Manufacturing
Murata Electronics	Murata Manufacturing
TDK	TDK Corporation
TDK Corporation	TDK Corporation
TDK Corp.	TDK Corporation
EPCOS	TDK Corporation
Nordic	Nordic Semiconductor
Nordic Semiconductor	Nordic Semiconductor
Nordic Semi	Nordic Semiconductor
Espressif	Espressif Systems
Espressif Systems	Espressif Systems
Espressif Tech	Espressif Systems
ESP	Espressif Systems
Samsung	Samsung Electronics
Samsung Electronics	Samsung Electronics
Samsung Electro-Mechanics	Samsung Electronics
Samsung Semi	Samsung Electronics
Winbond	Winbond Electronics
Winbond Electronics	Winbond Electronics
Winbond Elec.	Winbond Electronics
Macronix	Macronix International
Macronix International	Macronix International
MXIC	Macronix International
MX	Macronix International
Yageo	Yageo
Yageo Corp.	Yageo
Phycomp	Yageo
KEMET	KEMET Electronics
Kemet Electronics	KEMET Electronics
Kemet	KEMET Electronics
Arcotronics	KEMET Electronics
Bourns	Bourns
Bourns Inc.	Bourns
Bourns Incorporated	Bourns
Littelfuse	Littelfuse
Littel	Littelfuse
Teccor	Littelfuse
Wickmann	Littelfuse
TE	TE Connectivity
TE Connectivity	TE Connectivity
Tyco Electronics	TE Connectivity
AMP	TE Connectivity
Raychem	TE Connectivity
Molex	Molex
Molex Incorporated	Molex
Molex LLC	Molex
Amphenol	Amphenol
Amphenol Corporation	Amphenol
Amphenol Corp.	Amphenol
Omron	Omron
Omron Electronics	Omron
Omron Corp.	Omron
Panasonic	Panasonic
Panasonic Industrial	Panasonic
Matsushita	Panasonic
Panasonic Corp.	Panasonic
Toshiba	Toshiba
Toshiba Semiconductor	Toshiba
Toshiba Elec.	Toshiba
ROHM	ROHM Semiconductor
Rohm Semiconductor	ROHM Semiconductor
Rohm Co.	ROHM Semiconductor
Rohm	ROHM Semiconductor
Diodes	Diodes Incorporated
Diodes Inc.	Diodes Incorporated
Diodes Incorporated	Diodes Incorporated
Zetex	Diodes Incorporated
Lite-On	Lite-On Technology
LiteOn	Lite-On Technology
LITEON	Lite-On Technology
Everlight	Everlight Electronics
Everlight Electronics	Everlight Electronics
Everlight Elec.	Everlight Electronics
Kingbright	Kingbright
Kingbright Corp.	Kingbright
Broadcom	Broadcom
Avago	Broadcom
Broadcom Inc.	Broadcom
Qualcomm	Qualcomm
Qualcomm Inc.	Qualcomm
Maxim	Maxim Integrated
Maxim Integrated	Maxim Integrated
MAXIM	Maxim Integrated
Cirrus	Cirrus Logic
Cirrus Logic	Cirrus Logic
Silicon Labs	Silicon Labs
SiLabs	Silicon Labs
Silicon Laboratories	Silicon Labs
MPS	Monolithic Power Systems
Monolithic Power	Monolithic Power Systems
Monolithic Power Systems	Monolithic Power Systems
Skyworks	Skyworks Solutions
Skyworks Solutions	Skyworks Solutions
Qorvo	Qorvo
RFMD	Qorvo
TriQuint	Qorvo
Holtek	Holtek Semiconductor
Holtek Semiconductor	Holtek Semiconductor
Nuvoton	Nuvoton Technology
Nuvoton Technology	Nuvoton Technology
Wurth	Wurth Elektronik
Wurth Elektronik	Wurth Elektronik
WE	Wurth Elektronik
JST	JST
JST Corp.	JST
JST Manufacturing	JST
Hirose	Hirose Electric
Hirose Electric	Hirose Electric
JAE	JAE
Japan Aviation Electronics	JAE
Micron	Micron Technology
Micron Technology	Micron Technology
MT	Micron Technology
SK Hynix	SK Hynix
Hynix	SK Hynix
Hyundai Electronics	SK Hynix
GigaDevice	GigaDevice Semiconductor
GigaDevice Semiconductor	GigaDevice Semiconductor
GD	GigaDevice Semiconductor
ISSI	ISSI
Integrated Silicon Solution	ISSI
Cypress	Cypress Semiconductor
Cypress Semiconductor	Cypress Semiconductor
Spansion	Cypress Semiconductor
Cree	Wolfspeed
Wolfspeed	Wolfspeed
Osram	OSRAM
OSRAM	OSRAM
Sharp	Sharp
Sharp Microelectronics	Sharp
Realtek	Realtek
Realtek Semiconductor	Realtek
Richtek	Richtek Technology
Richtek Technology	Richtek Technology
RT	Richtek Technology
AOS	Alpha & Omega Semiconductor
Alpha & Omega	Alpha & Omega Semiconductor
Alpha and Omega	Alpha & Omega Semiconductor
AOSMD	Alpha & Omega Semiconductor
Yangjie	Yangjie
YJ	Yangjie
Jiangsu JieJie	Yangjie
Hua Hong	Hua Hong Semiconductor
Huahong	Hua Hong Semiconductor
SGMICRO	SGMICRO
SG Micro	SGMICRO
3PEAK	3PEAK
Sanpei	3PEAK
UTC	Unisonic
Unisonic	Unisonic
Unisonic Technologies	Unisonic
Walsin	Walsin Technology
Walsin Technology	Walsin Technology
WL	Walsin Technology
Fenghua	Fenghua
Fenghua Advanced Tech	Fenghua
Holy Stone	Holy Stone
Holy Stone Enterprise	Holy Stone
Alpha & Omega Semiconductor	Alpha & Omega Semiconductor
Hua Hong Semiconductor	Hua Hong Semiconductor
KEMET Electronics	KEMET Electronics
Lite-On Technology	Lite-On Technology
ROHM Semiconductor	ROHM Semiconductor
Advanced Monolithic Systems	Advanced Monolithic Systems
AMS	Advanced Monolithic Systems
AMS1117	Advanced Monolithic Systems
WCH	WCH
WCH Semiconductor	WCH
Nanjing QinHeng	WCH
SIMCom	SIMCom
SIMCom Wireless	SIMCom
u-blox	u-blox
u-blox AG	u-blox
Quectel	Quectel
Quectel Wireless	Quectel
Semtech	Semtech
Raspberry Pi	Raspberry Pi
Raspberry Pi Foundation	Raspberry Pi
Huaqiang	Huaqiang
HQ	Huaqiang
Hanxin	Hanxin
HC	Hanxin
CUI	CUI Devices
MysterySemi	ZKMICRO
ZKMICRO	ZKMICRO
