supplier,supplier_sku,mpn,manufacturer,title,category,description,attributes,datasheet_url,stock,price
LCSC,C25804,STM32F103C8T6,STMicroelectronics,STM32F103C8T6 ARM Cortex-M3 MCU,Microcontroller,STM32 ARM Cortex-M3 72MHz 64KB LQFP48,Clock Speed: 72MHz; Program Memory: 64KB; SRAM Size: 20KB; Core: ARM Cortex-M3; Operating Voltage: 2.0-3.6V,https://www.st.com/resource/en/datasheet/stm32f103c8.pdf,12000,1.85
LCSC,C2908868,CH32V003F4P6,WCH,CH32V003 RISC-V MCU,Microcontroller,CH32 RISC-V 48MHz 16KB,Clock Speed: 48MHz; Flash Memory: 16KB; SRAM Size: 2KB; Core: RISC-V; Operating Voltage: 3.3-5V,https://www.wch.cn/download/CH32V003DS0_PDF.html,5300,0.62
LCSC,C80264,STM8S003F3P6,STMicroelectronics,STM8S003 8-bit MCU,Microcontroller,STM8 8-bit 16MHz 8KB,Clock Speed: 16MHz; Program Memory: 8KB; SRAM Size: 1KB; Core: STM8; Operating Voltage: 2.95-5.5V,https://www.st.com/resource/en/datasheet/stm8s003f3.pdf,9100,0.58
LCSC,C15127,AO3400A,Alpha & Omega Semiconductor,AO3400 N-MOSFET,MOSFET,AO3400 N-Ch 30V 4A SOT23,Drain Source Voltage: 30V; Gate Threshold Voltage: 1.2V; Continuous Drain Current: 4A; On Resistance: 50mΩ; Gate Charge: 6nC,https://www.aosmd.com/products/mosfets/AO3400A,33000,0.05
LCSC,C7724,IRF540N,Infineon Technologies,IRF540N N-MOSFET,MOSFET,IRF540N N-Ch 100V 33A TO220,Drain Source Voltage: 100V; Gate Threshold Voltage: 2-4V; Continuous Drain Current: 33A; On Resistance: 44mΩ,https://www.infineon.com/dgdl/irf540n.pdf,12000,0.42
LCSC,C20918,STP55NF06L,STMicroelectronics,STP55NF06L N-MOSFET,MOSFET,STP55NF06L N-Ch 60V 55A,Drain Source Voltage: 60V; Continuous Drain Current: 55A; On Resistance: 14mΩ,https://www.st.com/resource/en/datasheet/stp55nf06l.pdf,5400,0.65
LCSC,C11396,2N7002,ON Semiconductor,2N7002 N-MOSFET,MOSFET,2N7002 N-Ch 60V 115mA SOT23,Drain Source Voltage: 60V; Gate Threshold Voltage: 2.5V; Continuous Drain Current: 0.115A,https://www.onsemi.com/pdf/datasheet/nds7002a-d.pdf,45000,0.02
LCSC,C15129,SI2302,Vishay Intertechnology,SI2302 N-MOSFET,MOSFET,SI2302 N-Ch 20V 3A SOT23,Drain Source Voltage: 20V; Continuous Drain Current: 3A; On Resistance: 60mΩ,https://www.vishay.com/docs/73277/si2302.pdf,28000,0.04
LCSC,C25824,RC0805JR-0710KL,Yageo,10kΩ 0805 Resistor,Resistor,10kΩ ±1% 0805 Thick Film,Resistance: 10kΩ; Tolerance: ±1%; Power Rating: 0.125W; Temperature Coefficient: ±100ppm/°C,https://www.yageo.com/products/resistors/,520000,0.008
LCSC,C1525,CC0603KRX7R7BB104,Yageo,100nF 0603 Capacitor,Capacitor,100nF ±10% 50V X7R 0603,Capacitance: 100nF; Voltage Rating: 50V; Tolerance: ±10%,https://www.yageo.com/products/capacitors/,480000,0.006
LCSC,C1650,GRM188R71C104KA01,Murata Manufacturing,100nF 0603 Capacitor,Capacitor,100nF 50V X7R 0603,Capacitance: 0.1uF; Voltage Rating: 50V,https://www.murata.com,310000,0.012
LCSC,C1287,LQG15HN1N8S0M,Murata Manufacturing,1.8nH RF Inductor,Inductor,1.8nH 0402 RF Inductor,Inductance: 1.8nH,https://www.murata.com,95000,0.15
LCSC,C15850,CC0805KKX7R7BB104,Yageo,100nF 0805 Capacitor,Capacitor,100nF X7R 0805,Capacitance: 100nF; Voltage Rating: 50V,https://www.yageo.com,260000,0.009
LCSC,C5181277,0483740001,Molex,USB Type-C Receptacle,USB Connectors,USB-C 16pin Receptacle,Number of Positions: 16; Current Rating: 5A; Operating Voltage: 20V,https://www.molex.com,15000,0.35
LCSC,C23174,PZ254-1-40P,Wurth Elektronik,2.54mm Pin Header,Pin Header,2.54mm 1x40 Pin Header,Number of Positions: 40; Pitch: 2.54mm,https://www.we-online.com,32000,0.18
LCSC,C23392,B4B-PH-K-S,JST,JST PH 4-pin Header,Pin Header,JST PH 2.0mm 4-pin,Number of Positions: 4; Pitch: 2.0mm,https://www.jst-mfg.com,60000,0.05
LCSC,C1013,10103594,Amphenol,Micro USB B Receptacle,USB Connectors,Micro USB B 5-pin,Number of Positions: 5; Current Rating: 1A,https://www.amphenol.com,22000,0.12
LCSC,C21357,DF11-8DP-2DS,Hirose Electric,2.0mm 8-pin Header,Pin Header,Hirose 2.0mm 8-pin,Number of Positions: 8; Pitch: 2.0mm,https://www.hirose.com,11000,0.22
LCSC,C82899,ESP-01S,Espressif Systems,ESP-01S WiFi Module,WiFi Modules,ESP8266 802.11b/g/n Module,Clock Speed: 80MHz; Data Rate: 72Mbps; Operating Voltage: 3.0-3.6V,https://www.espressif.com,18000,1.20
LCSC,C82861,nRF24L01+,Nordic Semiconductor,2.4GHz RF Module,RF Modules,nRF24L01+ 2.4GHz Transceiver,Operating Voltage: 1.9-3.6V; Data Rate: 2Mbps,https://www.nordicsemi.com,26000,0.85
LCSC,C7431,SIM800L,SIMCom,GSM GPRS Module,Cellular Modules,SIM800L Quad-band GSM,Operating Voltage: 3.4-4.4V; Output Power: 33dBm,https://www.simcom.com,9000,2.10
LCSC,C1020,NEO-6M,u-blox,GPS GNSS Module,GNSS Modules,NEO-6M GPS Receiver,Operating Voltage: 2.7-3.6V; Sensitivity: -161dBm,https://www.u-blox.com,14000,3.40
LCSC,C82846,ESP32-WROOM-32,Espressif Systems,ESP32 WiFi BT Module,WiFi Modules,ESP32 Dual-core WiFi BT,Clock Speed: 240MHz; Operating Voltage: 3.0-3.6V,https://www.espressif.com,21000,2.85
LCSC,C60580,1N4148WS-7-F,Diodes Incorporated,1N4148WS-7-F,Diode,特性：快速开关速度。 小表面贴装封装。 用于通用开关应用。 完全无铅且完全符合RoHS标准。 无卤素和锑，“绿色”器件。 适用于需要特定变更控制的汽车应用，该部件符合AEC-Q101标准，具备PPAP能力，并在通过IATF16949认证的工厂生产,,,In Stock,0.1851
LCSC,C82544,1N5819HW-7-F,Diodes Incorporated,1N5819HW-7-F,Diode,该器件为单整流器，具备低正向压降（VF）和出色的高温稳定性。此器件非常适合用于一般整流应用。,,,In Stock,0.3474
LCSC,C85047,2N7002K-7,Diodes Incorporated,2N7002K-7,Diode,该MOSFET旨在最大限度地降低导通电阻（RDS(ON)），同时保持卓越的开关性能，非常适合高效电源管理应用。,,,In Stock,0.7432
LCSC,C83528,1N4148W-7-F,Diodes Incorporated,1N4148W-7-F,Diode,特性：快速开关速度。 低正向电压：1mA 时最大 0.715V。 快速反向恢复：最大 4ns。 低电容：最大 2pF。 表面贴装封装，非常适合自动插入。 适用于通用开关应用。 完全无铅且完全符合 RoHS 标准。 无卤和无锑，“绿色”器件。 适合需要特定变更控制的汽车应用，该部件符合 AEC-Q101 标准，具备 PPAP 能力，并在 IATF 16949 认证的工厂生产,,,In Stock,0.1718
LCSC,C85100,B560C-13-F,Diodes Incorporated,B560C-13-F,Diode,这款肖特基势垒整流器旨在满足商业应用的一般要求。它非常适合用作极性保护二极管、续流二极管和开关二极管。,,,In Stock,1.3125
LCSC,C38695,TJA1051T/3/1J,NXP Semiconductors,TJA1051T/3/1J,Microcontroller,TJA1051是一款高速CAN收发器，用于在控制器局域网（CAN）协议控制器与物理双线CAN总线之间提供接口。该收发器专为汽车行业的高速CAN应用而设计，可为带有CAN协议控制器的微控制器提供差分发送和接收功能,,,In Stock,3.51
LCSC,C6952,"TJA1050T/CM,118",NXP Semiconductors,"TJA1050T/CM,118",Microcontroller,是控制器局域网（CAN）协议控制器和物理总线之间的接口。主要用于高速汽车应用，波特率从60 kbaud到1 Mbaud。为总线提供差分传输能力，为CAN协议控制器提供差分接收能力。完全符合“ISO 11898”标准。,,,In Stock,5.8
LCSC,C133172,S9KEAZ128AMLH,NXP Semiconductors,S9KEAZ128AMLH,Microcontroller,特性：工作范围:  电压范围：2.7 至5.5 V。  Flash 编程电压范围：2.7 至5.5 V。  温度范围（环境）：-40 至125°C。 性能:  最高48 MHz 的ARM Cortex-M0+ 内核。  单周期32 位 x 32 位乘法器。  单周期I/O 访问端口,,,In Stock,16.11
LCSC,C132227,TJA1042T/3/1J,NXP Semiconductors,TJA1042T/3/1J,Microcontroller,高速CAN收发器为控制器局域网（CAN）协议控制器和物理两线CAN总线之间提供接口。该收发器专为汽车行业的高速CAN应用而设计，为带有CAN协议控制器的微控制器提供差分发送和接收能力。它属于第三代高速CAN收发器，在电磁兼容性（EMC）和静电放电（ESD）性能方面有显著改进。具备在电源电压关闭时对CAN总线呈现理想的无源特性、低电流待机模式且具备总线唤醒能力等特点。支持CAN FD快速阶段高达5 Mbit/s的数据速率进行可靠通信，部分型号具有更短的传播延迟，支持更大的网络拓扑结构。这些特性使其成为所有类型HS-CAN网络中需要通过CAN总线实现低功耗模式和唤醒功能节点的理想选择。,,,In Stock,3
LCSC,C7440,"PCF8563T/5,518",NXP Semiconductors,"PCF8563T/5,518",Microcontroller,是一款针对低功耗进行优化的CMOS实时时钟（RTC）和日历。还提供可编程时钟输出、中断输出和低电压检测器。所有地址和数据通过两线双向I²C总线串行传输。最大总线速度为400 kbit/s。每次写入或读取数据字节后，寄存器地址会自动递增。,,,In Stock,3.56
LCSC,C380535,GD32E230C8T6,GigaDevice Semiconductor,GD32E230C8T6,Microcontroller,,,,In Stock,4.27
LCSC,C116151,GD32F303CCT6,GigaDevice Semiconductor,GD32F303CCT6,Microcontroller,,,,In Stock,8.64
LCSC,C77994,GD32F103C8T6,GigaDevice Semiconductor,GD32F103C8T6,Microcontroller,最高主频可达108MHz，比市场同类产品提高了50%！,,,In Stock,8.99
LCSC,C2922792,GD25Q16ESIGR,GigaDevice Semiconductor,GD25Q16ESIGR,Microcontroller,GD25Q16E（16M位）串行闪存支持标准串行外设接口（SPI）以及双/四路SPI：串行时钟、片选、串行数据I/O0（SI）、I/O1（SO）、I/O2（WP#）、I/O3（HOLD#）。双I/O数据传输速度为266Mbit/s，四路I/O数据传输速度为532Mbit/s。,,,In Stock,3.66
LCSC,C3013779,GD32F303CBT6,GigaDevice Semiconductor,GD32F303CBT6,Microcontroller,,,,In Stock,8.03
LCSC,C116490,MCP6001T-I/OT,Microchip Technology,MCP6001T-I/OT,Microcontroller,MCP6001/2/4 系列运算放大器专门为通用应用而设计。该系列的增益带宽积（GBWP）为 1 MHz，相位裕度典型值为 90°。在连接 500 pF 容性负载时，其相位裕度典型值仍能保持在 45°,,,In Stock,1.6405
LCSC,C7377,MCP6002T-I/SN,Microchip Technology,MCP6002T-I/SN,Microcontroller,双低功耗轨对轨运算放大器,,,In Stock,1.8119
LCSC,C6482,AT24C256C-SSHL-T,Microchip Technology,AT24C256C-SSHL-T,Microcontroller,"AT24C256C提供262,144位串行电可擦除可编程只读存储器（EEPROM），其组织形式为32,768个8位字。该器件的级联功能允许最多8个器件共享一条通用两线总线。该器件针对许多工业和商业应用进行了优化，在这些应用中，低功耗和低电压运行至关重要",,,In Stock,2.332
LCSC,C29454,MCP3421A0T-E/CH,Microchip Technology,MCP3421A0T-E/CH,Microcontroller,"一款单通道低噪声、高精度ΔΣ模数转换器，采用差分输入，分辨率高达18位，采用小型SOT - 23 - 6封装。板载精密2.048V参考电压，可实现±2.048V的差分输入范围（Δ电压 = 4.096V）。该器件采用两线I²C兼容串行接口，由2.7V至5.5V单电源供电。
该器件根据用户通过两线I²C串行接口可控的配置位设置，以每秒3.75、15、60或240个样本（SPS）的速率进行转换。它具有板载可编程增益放大器（PGA）。用户可在模数转换前选择PGA增益为×1、×2、×4或×8。这使得该器件能够以高分辨率转换较小的输入信号。该器件有两种转换模式：（a）连续模式和（b）单次模式。在单次模式下，器件在一次转换后自动进入低电流待机模式。这大大降低了空闲期间的电流消耗。
该器件可用于各种高精度模数数据转换应用，在这些应用中，设计简单、低功耗和小尺寸是主要考虑因素。",,,In Stock,10.31
LCSC,C14877,ATMEGA328P-AU,Microchip Technology,ATMEGA328P-AU,Microcontroller,"高性能、低功耗的Atmel AVR 8位微控制器系列n先进的RISC架构 – 131条强大的指令 – 大多数单时钟周期执行 – 32 x 8通用工作寄存器 – 完全静态操作 – 在20MHz下最高可达20 MIPS吞吐量 – 片上2周期乘法器n高耐久性的非易失性存储段 – 4/8/16/32KBytes的片内系统自编程Flash程序内存 – 256/512/512/1KBytes EEPROM – 512/1K/1K/2KBytes内部SRAM – 写入/擦除周期:10,000次Flash/100,000次EEPROM – 数据保留时间:85°C下20年/25°C下100年 – 可选的引导代码段，具有独立的锁定位n片内系统编程由片上引导程序实现真正的读写操作n软件安全的编程锁定nAtmel QTouch库支持 – 电容式触摸按钮、滑块和滚轮 – QTouch和QMatrix采集 – 最多64个感应通道n外设特性 – 两个8位定时器/计数器，具有独立预分频器和比较模式 – 一个16位定时器/计数器，具有独立预分频器、比较模式和捕获模式 – 带有单独振荡器的实时时钟 – 六个PWM通道 – 8通道10位ADC（TQFP和QFN/MLF封装）温度测量 – 6通道10位ADC（PDIP封装）温度测量 – 可编程串行USART – 主/从SPI串行接口 – 字节型2线串行接口（Philips I2C兼容） – 带有单独片上振荡器的可编程看门狗定时器 – 片内模拟比较器 – 引脚变化中断和唤醒n特殊微控制器特性 – 上电复位和可编程欠压检测 – 内部校准振荡器 – 外部和内部中断源 – 六种睡眠模式:空闲、ADC噪声减少、省电、掉电、待机和扩展待机nI/O和封装 – 23个可编程I/O线 – 28针PDIP，32引脚TQFP，28焊盘QFN/MLF和32焊盘QFN/MLF",,,In Stock,16.21
LCSC,C77540,NRF52832-QFAA-R,Nordic Semiconductor,NRF52832-QFAA-R,Microcontroller,TX:12 RX:11 波特率：19200,,,In Stock,24.62
LCSC,C190794,NRF52840-QIAA-R,Nordic Semiconductor,NRF52840-QIAA-R,Microcontroller,特性：蓝牙5，IEEE 802.15.4-2006，2.4 GHz收发器。1 Mbps蓝牙低功耗模式下95 dBm灵敏度。125 kbps蓝牙低功耗模式（长距离）下103 dBm灵敏度。20至 +8 dBm发射功率，以4 dB步长配置。与nRF52、nRF51、nRF24L和nRF24AP系列空中兼容。支持的数据速率:蓝牙5：2 Mbps、1 Mbps、500 kbps和125 kbps。应用：先进的计算机外设和I/O设备。物联网（IoT）,,,In Stock,35.94
LCSC,C8791,NRF24L01P-R,Nordic Semiconductor,NRF24L01P-R,Microcontroller,特性：全球2.4GHz ISM频段运行。 空中数据速率为250kbps、1Mbps和2Mbps。 超低功耗运行。应用：无线电脑外设,,,In Stock,26.54
LCSC,C141828,NRF52810-QFAA-R,Nordic Semiconductor,NRF52810-QFAA-R,Microcontroller,"特性：2.4 GHz 收发器。蓝牙低功耗模式下 -96 dBm 灵敏度。支持的数据速率:1 Mbps、2 Mbps 蓝牙低功耗模式。20 至 +4 dBm 发射功率,以 4 dB 为步长可配置。应用：计算机外设和 I/O 设备。鼠标",,,In Stock,27.65
LCSC,C509405,NRF52832-CIAA-R,Nordic Semiconductor,NRF52832-CIAA-R,Microcontroller,特性：2.4 GHz收发器: - 蓝牙低功耗模式下96 dBm灵敏度。 - 支持2 Mbps蓝牙低功耗模式。 - 支持1 Mbps、2 Mbps数据速率。 - 发射功率-20至+4 dBm，以4 dB为步长。 - 单引脚天线接口。 - 发射（0 dBm）时峰值电流5.3 mA。应用：物联网（IoT）。 家庭自动化,,,In Stock,34.29
LCSC,C66029,FM25V02A-GTR,Infineon Technologies,FM25V02A-GTR,MOSFET,FM25V02A是一款256-Kbit非易失性铁电随机存取存储器(F-RAM)，采用先进的铁电工艺，支持高速SPI接口，具有高耐久性和低功耗特性。,,,In Stock,20.45
LCSC,C9829,FM24CL64B-GTR,Infineon Technologies,FM24CL64B-GTR,MOSFET,64-Kbit(8K × 8bit)，I2C接口，工作电压：2.7V to 3.65V FM24CL64B是一款采用先进铁电工艺的64-Kbit非易失性存储器。铁电随机存取存储器（F-RAM）是非易失性的，其读写操作与RAM类似。它可提供151年可靠的数据保留，同时消除了EEPROM和其他非易失性存储器带来的复杂性、开销和系统级可靠性问题。,,,In Stock,8.53
LCSC,C31082,FM24CL16B-GTR,Infineon Technologies,FM24CL16B-GTR,MOSFET,FM24CL16B是一款16-Kbit非易失性铁电随机存取存储器(F-RAM)，采用2Kx8组织结构。它具有高耐久性（100万亿次读写）、151年的数据保留时间和低功耗。支持最高1MHz的I2C接口，适用于频繁写入的应用场景。,,,In Stock,9.79
LCSC,C9830,FM25CL64B-GTR,Infineon Technologies,FM25CL64B-GTR,MOSFET,FM25CL64B 是一个 64-Kbit 非易失性存储器，采用先进的铁电工艺。它提供可靠的 151 年数据保留时间，支持高达 100 万亿次读写操作，无需延迟写入。支持 SPI 接口，最高时钟频率为 20 MHz。,,,In Stock,19.02
LCSC,C462526,CYUSB3014-BZXC,Infineon Technologies,CYUSB3014-BZXC,MOSFET,"CYUSB301X/CYUSB201X系列是超高速USB控制器，支持USB3.1 Gen1和USB2.0，集成了多种接口如UART, SPI, I2C, I2S等。",,,In Stock,96.64
LCSC,C22402294,1N5819UR-1,ON Semiconductor,1N5819UR-1,MOSFET,,,,https://schema.org/OutOfStock,119.17
LCSC,C60490,RC0402FR-0710KL,Yageo,RC0402FR-0710KL,Resistor,特性：无卤环氧树脂。符合RoHS标准。无铅端接产品符合RoHS要求。RoHS豁免电极、电阻元件和玻璃中含有的铅玻璃。减少对环境有害的废物。高组件和设备可靠性。应用：所有通用应用,,,In Stock,0.0227
LCSC,C98220,RC0603FR-0710KL,Yageo,RC0603FR-0710KL,Resistor,特性：无卤环氧树脂。符合RoHS标准。无铅端接产品符合RoHS要求。RoHS豁免电极、电阻元件和玻璃中含有的铅玻璃。减少对环境有害的废物。高组件和设备可靠性。应用：所有通用应用,,,In Stock,0.0301
LCSC,C106235,RC0402FR-071KL,Yageo,RC0402FR-071KL,Resistor,特性：无卤环氧树脂。符合RoHS标准。无铅端接产品符合RoHS要求。RoHS豁免电极、电阻元件和玻璃中含有的铅玻璃。减少对环境有害的废物。高组件和设备可靠性。应用：所有通用应用,,,In Stock,0.0251
LCSC,C105871,RC0402FR-074K7L,Yageo,RC0402FR-074K7L,Resistor,特性：无卤环氧树脂。符合RoHS标准。无铅端接产品符合RoHS要求。RoHS豁免电极、电阻元件和玻璃中含有的铅玻璃。减少对环境有害的废物。高组件和设备可靠性。应用：所有通用应用,,,In Stock,0.0259
LCSC,C60491,RC0402FR-07100KL,Yageo,RC0402FR-07100KL,Resistor,特性：无卤环氧树脂。符合RoHS标准。无铅端接产品符合RoHS要求。RoHS豁免电极、电阻元件和玻璃中含有的铅玻璃。减少对环境有害的废物。高组件和设备可靠性。应用：所有通用应用,,,In Stock,0.0267
LCSC,C844918,CRCW060310K0FKEA,Vishay Intertechnology,CRCW060310K0FKEA,Resistor,标准厚膜贴片电阻适用于对高可靠性和稳定性有较高要求的现代电子领域。,,,In Stock,0.0295
LCSC,C10487,SI2301CDS-T1-GE3,Vishay Intertechnology,SI2301CDS-T1-GE3,Resistor,特性：无卤，符合IEC 61249-2-21定义。 TrenchFET功率MOSFET。 符合RoHS指令2002/95/EC。应用：负载开关,,,In Stock,0.5821
LCSC,C68883,LL4148-GS08,Vishay Intertechnology,LL4148-GS08,Resistor,特性：硅外延平面二极管。 电气数据分别与器件1N4148和1N4448相同。 AEC-Q101合格。 材料分类：有关合规性定义请参阅相关文档。 极快的开关,,,In Stock,0.115
LCSC,C10493,SI2309CDS-T1-GE3,Vishay Intertechnology,SI2309CDS-T1-GE3,Resistor,"P沟道,-60V,-1.6A,345mΩ@-10V",,,In Stock,1.001
LCSC,C2595,IRFP460PBF,Vishay Intertechnology,IRFP460PBF,Resistor,"N沟道,500V,20A,270mΩ@10V",,,In Stock,11.17
LCSC,C2915055,61300211121,Wurth Elektronik,61300211121,Inductor,,,,In Stock,0.7673
LCSC,C2915006,61300311121,Wurth Elektronik,61300311121,Inductor,,,,In Stock,1.2395
LCSC,C2802211,760390014,Wurth Elektronik,760390014,Inductor,,,,In Stock,19.22
LCSC,C2680612,434153017835,Wurth Elektronik,434153017835,Inductor,,,,In Stock,4.58
LCSC,C1975330,82400102,Wurth Elektronik,82400102,Inductor,,,,In Stock,4.6
LCSC,C13564,NCP18XH103F03RB,Murata Manufacturing,NCP18XH103F03RB,Capacitor,,,,In Stock,0.2846
LCSC,C77131,NCP15XH103F03RC,Murata Manufacturing,NCP15XH103F03RC,Capacitor,,,,In Stock,0.162
LCSC,C22334,LQW15AN47NG00D,Murata Manufacturing,LQW15AN47NG00D,Capacitor,,,,In Stock,0.3909
LCSC,C162670,NCU18XH103F6SRB,Murata Manufacturing,NCU18XH103F6SRB,Capacitor,特性：优异的可焊性和环境稳定性。 出色的长期老化稳定性。 电阻和E常数精度高。 可进行波峰焊/回流焊。 产品不含铅。 NCU系列通过ULcUL认证（UL1434，文件编号E137188）。应用：汽车应用：动力系统/安全。 受限应用：汽车级,,,In Stock,0.5882
LCSC,C86090,LQM21PN4R7MGRD,Murata Manufacturing,LQM21PN4R7MGRD,Capacitor,,,,In Stock,1.2146
LCSC,C259786,430300001,Molex,430300001,USB Connectors,Micro-Fit 3.0 压接端子，母头，镀锡（Sn）磷青铜触点，24 - 20 AWG，卷装,,,In Stock,0.0905
LCSC,C164166,39000038,Molex,39000038,USB Connectors,Mini-Fit 母压接端子，镀铜（Cu）锡（Sn）黄铜材质，双 22+22 规格或单 24 - 18 AWG 规格，卷装,,,In Stock,0.1171
LCSC,C696092,532610471,Molex,532610471,USB Connectors,间距1.25mm，PicoBlade PCB 排针，单排，直角，表面贴装，镀锡（Sn），摩擦锁，4 路，本色，卷带包装,,,In Stock,1.0217
LCSC,C134092,1054500101,Molex,1054500101,USB Connectors,通用串行总线 (USB) 屏蔽式 I/O 插座，C 型，直角，顶部安装，表面贴装，0.80mm 焊片，0.76µm 镀钯镍上闪镀金 (Au),,,In Stock,5.17
LCSC,C585350,1040310811,Molex,1040310811,USB Connectors,1.10mm间距微型SD存储卡连接器，表面贴装，推拉式，高度1.42mm，带检测开关,,,In Stock,5.05
LCSC,C158012,B2B-XH-A(LF)(SN),JST,B2B-XH-A(LF)(SN),Pin Header,"连接器非常小,安装高度为9.8mm。",,,In Stock,0.2486
LCSC,C131337,B2B-PH-K-S(LF)(SN),JST,B2B-PH-K-S(LF)(SN),Pin Header,"这是一款薄型、低矮的2.0mm间距连接器,安装后高度为8.0mm,宽度为4.5mm。它旨在满足内部电线与印刷电路板高密度连接的需求,结构紧凑、可靠性高且成本低。",,,In Stock,0.2166
LCSC,C131334,B4B-PH-K-S(LF)(SN),JST,B4B-PH-K-S(LF)(SN),Pin Header,"这是一款薄型、低矮的2.0mm间距连接器,安装后高度为8.0mm,宽度为4.5mm。它旨在满足内部电线与印刷电路板高密度连接的需求,结构紧凑、可靠性高且成本低。",,,In Stock,0.2791
LCSC,C144394,B3B-XH-A(LF)(SN),JST,B3B-XH-A(LF)(SN),Pin Header,"连接器非常小,安装高度为9.8mm。",,,In Stock,0.3335
LCSC,C160315,B2P-VH(LF)(SN),JST,B2P-VH(LF)(SN),Pin Header,这款用于印刷电路板的小型、经过实地验证的连接器可靠且具有大电流承载能力。它可用于消费电子产品中出现的各种信号、电源和输出电路。,,,In Stock,0.3863
LCSC,C19845556,PCIH47M400A1/AA,Amphenol,PCIH47M400A1/AA,USB Connectors,,,,In Stock,182.08
LCSC,C17524562,CBD7W2F37S600X/AA,Amphenol,CBD7W2F37S600X/AA,USB Connectors,,,,In Stock,207.43
LCSC,C19845606,PLB08M300A1/AA,Amphenol,PLB08M300A1/AA,USB Connectors,,,,In Stock,49.46
LCSC,C19845603,PLB08F300A1/AA,Amphenol,PLB08F300A1/AA,USB Connectors,,,,In Stock,91.24
LCSC,C19845611,PLB12M300A1/AA,Amphenol,PLB12M300A1/AA,USB Connectors,,,,In Stock,153.73
LCSC,C2913194,ESP32-S3R8,Espressif Systems,ESP32-S3R8,WiFi Modules,是一款基于低功耗MCU的片上系统（SoC），集成了2.4 GHz Wi-Fi和蓝牙低功耗（Bluetooth LE）。它由高性能双核微处理器（Xtensa® 32位LX7）、低功耗协处理器、Wi-Fi基带、蓝牙LE基带、射频模块和众多外设组成。,,,In Stock,18.82
LCSC,C2913202,ESP32-S3-WROOM-1-N16R8,Espressif Systems,ESP32-S3-WROOM-1-N16R8,WiFi Modules,是两款通用型Wi-Fi + 低功耗蓝牙MCU模组，搭载ESP32-S3系列芯片。除具有丰富的外设接口外，模组还拥有强大的神经网络运算能力和信号处理能力，适用于AIoT领域的多种应用场景，例如唤醒词检测和语音命令识别、人脸检测和识别、智能家居、智能家电、智能控制面板、智能扬声器等。采用的是ESP32-S3系列芯片。ESP32-S3系列芯片搭载Xtensa 32位LX7双核处理器（支持单精度浮点运算单元），工作频率高达240MHz,,,In Stock,31.6
LCSC,C701341,ESP32-WROOM-32E-N4,Espressif Systems,ESP32-WROOM-32E-N4,WiFi Modules,ESP32-WROOM-32E 集成 ESP32-D0WD-V3 芯片，具有高的稳定性和安全性能。,,,In Stock,22.97
LCSC,C3013946,ESP32-S3-WROOM-1U-N16R8,Espressif Systems,ESP32-S3-WROOM-1U-N16R8,WiFi Modules,是两款通用型Wi-Fi + 低功耗蓝牙MCU模组，搭载ESP32-S3系列芯片。除具有丰富的外设接口外，模组还拥有强大的神经网络运算能力和信号处理能力，适用于AIoT领域的多种应用场景，例如唤醒词检测和语音命令识别、人脸检测和识别、智能家居、智能家电、智能控制面板、智能扬声器等。采用的是ESP32-S3系列芯片。ESP32-S3系列芯片搭载Xtensa 32位LX7双核处理器（支持单精度浮点运算单元），工作频率高达240MHz,,,In Stock,31.08
LCSC,C2838502,ESP32-C3-MINI-1-N4,Espressif Systems,ESP32-C3-MINI-1-N4,WiFi Modules,"SMD module, ESP32-C3FN4, PCB antenna, -40?C ~ +85?C",,,In Stock,23.6
LCSC,C4153167,MAX-M10S-00B,u-blox,MAX-M10S-00B,GNSS Modules,该模块采用u-blox M10标准精度GNSS平台，为所有L1 GNSS信号提供出色的灵敏度和捕获时间。支持同时接收四个GNSS（GPS、GLONASS、伽利略和北斗）。大量可见卫星使接收器能够选择最佳信号，这最大限度地提高了位置可用性，特别是在诸如深城市峡谷等具有挑战性的条件下。u-blox Super-S（超信号）技术提供了出色的射频灵敏度，并且可以在使用小天线或非视距场景中提高动态定位精度,,,In Stock,66.27
LCSC,C5456944,BMD-340-A-R,u-blox,BMD-340-A-R,GNSS Modules,该模块是一款先进、高度灵活的超低功耗多协议系统级模块，可为便携式和极低功耗嵌入式系统提供蓝牙5低功耗和IEEE 802.15.4（Thread和ZigBee）连接。它配备了带有FPU的Arm Cortex-M4处理器、集成2.4 GHz收发器和集成天线，提供了完整的射频解决方案。,,,In Stock,53.75
LCSC,C5120257,ZED-F9P-04B,u-blox,ZED-F9P-04B,GNSS Modules,该定位模块采用u-blox F9接收器平台，为大批量工业应用提供多频段GNSS。集成了u-blox多频段RTK和PPP-RTK技术，可实现厘米级精度。模块采用紧凑的表面贴装形式，尺寸仅为17.0×22.0×2.4 mm，可实现工业和消费级产品中移动机械的精确导航和自动化。该模块支持移动基站，允许基站和流动站在计算它们之间的位置时移动。移动基站适用于无人机应用，也适用于姿态感应应用。,,,In Stock,517.32
LCSC,C5447387,SAM-M8Q-0,u-blox,SAM-M8Q-0,GNSS Modules,,,,In Stock,73.83
LCSC,C5119087,NEO-M9N-00B,u-blox,NEO-M9N-00B,GNSS Modules,NEO-M9N-00B GNSS接收器采用了u-bloX M9标准精度GNSS平台。它为所有L1 GNSS系统提供了出色的灵敏度和捕获时间。u-bloX M9接收器有多种版本，适用于汽车和工业跟踪应用，如导航、远程信息处理和无人机。u-bloX M9接收器支持同时接收四种GNSS信号。大量的可见卫星使接收器能够选择最佳信号，从而在具有挑战性的条件下（如深城市峡谷）最大化定位精度。u-bloX M9接收器可以检测干扰和欺骗事件，并将这些事件报告给主机，允许系统对这些事件作出反应。先进的滤波算法减轻了RF干扰和干扰的影响，使产品能够按预期运行。NEO-M9N-00B支持主动GNSS带内滤波，可以在固定模式或自适应模式下工作，以跟踪和移除快速移动或扫频干扰源。与之前的u-bloX GNSS代相比，该接收器还提供了更高的导航速率和改进的安全特性。NEO-M9N-00B模块采用NEO封装形式，尺寸为12.2 X 16.0毫米的LCC封装。,,,In Stock,100.72
LCSC,C2943992,SIM7080G,SIMCom,SIM7080G,Cellular Modules,SIM7080G是一款采用SMT封装的多频段CAT - M和NB - IoT模块解决方案。它具有强大的扩展能力，拥有丰富的接口，包括UART、GPIO、PCM、SPI、I2C等。该模块为客户的应用提供了极大的灵活性，便于集成,,,In Stock,85.54
